,aapl,msft,googl
aapl,7.664986275978217e-05,9.4919133770602e-05,6.475791879815036e-05
msft,9.4919133770602e-05,0.00017357464284776172,0.00010839851856811605
googl,6.475791879815036e-05,0.00010839851856811605,9.893013477019854e-05
